player,tID,team,role,cluster,is_handling,possessionID
DFL-OBJ-002GAB,DFL-CLU-000011,Away,Forward,1,True,J03WOH_Away_1
DFL-OBJ-00006V,DFL-CLU-00000P,Home,Defender,1,False,J03WOH_Away_106
DFL-OBJ-0028FW,DFL-CLU-00000P,Home,Goalkeeper,1,False,J03WOH_Away_106
DFL-OBJ-002GAB,DFL-CLU-000011,Away,Forward,1,False,J03WOH_Away_106
DFL-OBJ-J014UG,DFL-CLU-00000P,Home,Defender,1,False,J03WOH_Away_106
DFL-OBJ-0000F8,DFL-CLU-00000P,Home,Midfielder,2,False,J03WOH_Away_106
DFL-OBJ-0027B0,DFL-CLU-000011,Away,Midfielder,3,True,J03WOH_Away_106
DFL-OBJ-002FXT,DFL-CLU-00000P,Home,Midfielder,4,False,J03WOH_Away_106
DFL-OBJ-J01CP5,DFL-CLU-00000P,Home,Defender,5,False,J03WOH_Away_106
DFL-OBJ-00268T,DFL-CLU-000011,Away,Defender,2,True,J03WOH_Away_110
DFL-OBJ-002G2Y,DFL-CLU-000011,Away,Midfielder,4,False,J03WOH_Away_110
DFL-OBJ-J014UG,DFL-CLU-00000P,Home,Defender,4,False,J03WOH_Away_110
DFL-OBJ-00028V,DFL-CLU-00000P,Home,Midfielder,1,True,J03WOH_Away_116
DFL-OBJ-00268T,DFL-CLU-000011,Away,Defender,2,False,J03WOH_Away_116
DFL-OBJ-0027B0,DFL-CLU-000011,Away,Midfielder,2,False,J03WOH_Away_116
DFL-OBJ-002GM1,DFL-CLU-00000P,Home,Midfielder,2,False,J03WOH_Away_116
DFL-OBJ-J0130T,DFL-CLU-00000P,Home,Midfielder,3,False,J03WOH_Away_116
DFL-OBJ-J014UG,DFL-CLU-00000P,Home,Defender,3,False,J03WOH_Away_116
DFL-OBJ-J01CP5,DFL-CLU-00000P,Home,Defender,4,False,J03WOH_Away_116
DFL-OBJ-002FXT,DFL-CLU-00000P,Home,Midfielder,1,False,J03WOH_Away_117
DFL-OBJ-J01CP5,DFL-CLU-00000P,Home,Defender,2,False,J03WOH_Away_117
DFL-OBJ-00006V,DFL-CLU-00000P,Home,Defender,1,False,J03WOH_Away_125
DFL-OBJ-00003X,DFL-CLU-00000P,Home,Forward,0,False,J03WOH_Away_127
DFL-OBJ-002FXT,DFL-CLU-00000P,Home,Midfielder,1,False,J03WOH_Away_134
DFL-OBJ-002G2Y,DFL-CLU-000011,Away,Midfielder,2,False,J03WOH_Away_134
DFL-OBJ-J01CP5,DFL-CLU-00000P,Home,Defender,2,False,J03WOH_Away_134
DFL-OBJ-0026UQ,DFL-CLU-000011,Away,Defender,1,True,J03WOH_Away_136
DFL-OBJ-0027XP,DFL-CLU-000011,Away,Midfielder,2,True,J03WOH_Away_136
DFL-OBJ-0000NZ,DFL-CLU-00000P,Home,Defender,1,False,J03WOH_Away_139
DFL-OBJ-0028SW,DFL-CLU-000011,Away,Defender,1,True,J03WOH_Away_140
DFL-OBJ-002FXT,DFL-CLU-00000P,Home,Midfielder,1,False,J03WOH_Away_147
DFL-OBJ-0000NZ,DFL-CLU-00000P,Home,Defender,1,False,J03WOH_Away_153
DFL-OBJ-00003X,DFL-CLU-00000P,Home,Forward,0,False,J03WOH_Away_157
DFL-OBJ-0026UQ,DFL-CLU-000011,Away,Defender,0,False,J03WOH_Away_157
DFL-OBJ-0027B0,DFL-CLU-000011,Away,Midfielder,0,True,J03WOH_Away_157
DFL-OBJ-002GEE,DFL-CLU-000011,Away,Defender,0,False,J03WOH_Away_157
DFL-OBJ-J01CP5,DFL-CLU-00000P,Home,Defender,0,False,J03WOH_Away_157
DFL-OBJ-0000F8,DFL-CLU-00000P,Home,Midfielder,2,False,J03WOH_Away_157
DFL-OBJ-002FXT,DFL-CLU-00000P,Home,Midfielder,3,False,J03WOH_Away_157
DFL-OBJ-002GAB,DFL-CLU-000011,Away,Forward,4,False,J03WOH_Away_157
DFL-OBJ-J014UG,DFL-CLU-00000P,Home,Defender,4,False,J03WOH_Away_157
DFL-OBJ-002GM1,DFL-CLU-00000P,Home,Midfielder,5,False,J03WOH_Away_157
DFL-OBJ-0000F8,DFL-CLU-00000P,Home,Midfielder,1,False,J03WOH_Away_165
DFL-OBJ-0000NZ,DFL-CLU-00000P,Home,Defender,2,False,J03WOH_Away_165
DFL-OBJ-00006V,DFL-CLU-00000P,Home,Defender,1,False,J03WOH_Away_172
DFL-OBJ-J01CP5,DFL-CLU-00000P,Home,Defender,1,True,J03WOH_Away_178
DFL-OBJ-0000NZ,DFL-CLU-00000P,Home,Defender,1,False,J03WOH_Away_181
DFL-OBJ-0026UQ,DFL-CLU-000011,Away,Defender,1,True,J03WOH_Away_183
DFL-OBJ-0027XP,DFL-CLU-000011,Away,Midfielder,2,False,J03WOH_Away_183
DFL-OBJ-0000F8,DFL-CLU-00000P,Home,Midfielder,1,False,J03WOH_Away_185
DFL-OBJ-0026UQ,DFL-CLU-000011,Away,Defender,1,False,J03WOH_Away_185
DFL-OBJ-002GAB,DFL-CLU-000011,Away,Forward,3,True,J03WOH_Away_185
DFL-OBJ-002GEE,DFL-CLU-000011,Away,Defender,4,True,J03WOH_Away_185
DFL-OBJ-J01CP5,DFL-CLU-00000P,Home,Defender,5,False,J03WOH_Away_185
DFL-OBJ-00006V,DFL-CLU-00000P,Home,Defender,1,False,J03WOH_Away_195
DFL-OBJ-J014UG,DFL-CLU-00000P,Home,Defender,1,False,J03WOH_Away_195
DFL-OBJ-00268T,DFL-CLU-000011,Away,Defender,2,True,J03WOH_Away_195
DFL-OBJ-0026UQ,DFL-CLU-000011,Away,Defender,2,True,J03WOH_Away_195
DFL-OBJ-0000F8,DFL-CLU-00000P,Home,Midfielder,1,False,J03WOH_Away_198
DFL-OBJ-0000F8,DFL-CLU-00000P,Home,Midfielder,1,False,J03WOH_Away_201
DFL-OBJ-002651,DFL-CLU-000011,Away,Midfielder,1,True,J03WOH_Away_202
DFL-OBJ-002GM1,DFL-CLU-00000P,Home,Midfielder,1,True,J03WOH_Away_204
DFL-OBJ-0026UQ,DFL-CLU-000011,Away,Defender,1,True,J03WOH_Away_205
DFL-OBJ-002G2Y,DFL-CLU-000011,Away,Midfielder,1,True,J03WOH_Away_206
DFL-OBJ-00003X,DFL-CLU-00000P,Home,Forward,0,False,J03WOH_Away_21
DFL-OBJ-0028SW,DFL-CLU-000011,Away,Defender,0,False,J03WOH_Away_21
DFL-OBJ-00268T,DFL-CLU-000011,Away,Defender,2,False,J03WOH_Away_21
DFL-OBJ-0027VS,DFL-CLU-000011,Away,Midfielder,3,False,J03WOH_Away_21
DFL-OBJ-002FXT,DFL-CLU-00000P,Home,Midfielder,4,False,J03WOH_Away_21
DFL-OBJ-0028SW,DFL-CLU-000011,Away,Defender,1,True,J03WOH_Away_210
DFL-OBJ-0027B0,DFL-CLU-000011,Away,Midfielder,1,True,J03WOH_Away_211
DFL-OBJ-00006V,DFL-CLU-00000P,Home,Defender,1,False,J03WOH_Away_213
DFL-OBJ-0000NZ,DFL-CLU-00000P,Home,Defender,1,False,J03WOH_Away_213
DFL-OBJ-00028V,DFL-CLU-00000P,Home,Midfielder,1,False,J03WOH_Away_213
DFL-OBJ-0026UQ,DFL-CLU-000011,Away,Defender,1,False,J03WOH_Away_213
DFL-OBJ-0027VS,DFL-CLU-000011,Away,Midfielder,1,False,J03WOH_Away_213
DFL-OBJ-0027XP,DFL-CLU-000011,Away,Midfielder,1,False,J03WOH_Away_213
DFL-OBJ-00268T,DFL-CLU-000011,Away,Defender,2,False,J03WOH_Away_213
DFL-OBJ-002GM1,DFL-CLU-00000P,Home,Midfielder,2,False,J03WOH_Away_213
DFL-OBJ-0028SW,DFL-CLU-000011,Away,Defender,4,True,J03WOH_Away_213
DFL-OBJ-002FXT,DFL-CLU-00000P,Home,Midfielder,4,False,J03WOH_Away_213
DFL-OBJ-002GEE,DFL-CLU-000011,Away,Defender,5,False,J03WOH_Away_213
DFL-OBJ-0000NZ,DFL-CLU-00000P,Home,Defender,1,False,J03WOH_Away_215
DFL-OBJ-0027XP,DFL-CLU-000011,Away,Midfielder,1,True,J03WOH_Away_215
DFL-OBJ-J0130T,DFL-CLU-00000P,Home,Midfielder,1,False,J03WOH_Away_217
DFL-OBJ-002GM1,DFL-CLU-00000P,Home,Midfielder,2,False,J03WOH_Away_222
DFL-OBJ-J01CP5,DFL-CLU-00000P,Home,Defender,2,False,J03WOH_Away_222
DFL-OBJ-J014UG,DFL-CLU-00000P,Home,Defender,3,False,J03WOH_Away_222
DFL-OBJ-002G2Y,DFL-CLU-000011,Away,Midfielder,1,False,J03WOH_Away_224
DFL-OBJ-00003X,DFL-CLU-00000P,Home,Forward,0,False,J03WOH_Away_229
DFL-OBJ-00268T,DFL-CLU-000011,Away,Defender,0,False,J03WOH_Away_229
DFL-OBJ-0028FW,DFL-CLU-00000P,Home,Goalkeeper,0,False,J03WOH_Away_229
DFL-OBJ-002GM1,DFL-CLU-00000P,Home,Midfielder,0,False,J03WOH_Away_229
DFL-OBJ-00006V,DFL-CLU-00000P,Home,Defender,1,False,J03WOH_Away_229
DFL-OBJ-0000NZ,DFL-CLU-00000P,Home,Defender,3,False,J03WOH_Away_229
DFL-OBJ-0027B0,DFL-CLU-000011,Away,Midfielder,4,True,J03WOH_Away_229
DFL-OBJ-J014UG,DFL-CLU-00000P,Home,Defender,4,False,J03WOH_Away_229
DFL-OBJ-002FXT,DFL-CLU-00000P,Home,Midfielder,5,False,J03WOH_Away_229
DFL-OBJ-J01CP5,DFL-CLU-00000P,Home,Defender,5,False,J03WOH_Away_229
DFL-OBJ-002GAB,DFL-CLU-000011,Away,Forward,6,False,J03WOH_Away_229
DFL-OBJ-002GEE,DFL-CLU-000011,Away,Defender,7,True,J03WOH_Away_229
DFL-OBJ-00268T,DFL-CLU-000011,Away,Defender,1,True,J03WOH_Away_235
DFL-OBJ-0027B0,DFL-CLU-000011,Away,Midfielder,2,False,J03WOH_Away_235
DFL-OBJ-002FXT,DFL-CLU-00000P,Home,Midfielder,2,False,J03WOH_Away_235
DFL-OBJ-002G2Y,DFL-CLU-000011,Away,Midfielder,2,False,J03WOH_Away_235
DFL-OBJ-J014UG,DFL-CLU-00000P,Home,Defender,2,False,J03WOH_Away_235
DFL-OBJ-J01CP5,DFL-CLU-00000P,Home,Defender,2,False,J03WOH_Away_235
DFL-OBJ-J0130T,DFL-CLU-00000P,Home,Midfielder,1,False,J03WOH_Away_236
DFL-OBJ-002651,DFL-CLU-000011,Away,Midfielder,1,False,J03WOH_Away_250
DFL-OBJ-00268T,DFL-CLU-000011,Away,Defender,2,False,J03WOH_Away_250
DFL-OBJ-0027B0,DFL-CLU-000011,Away,Midfielder,3,False,J03WOH_Away_250
DFL-OBJ-0027VS,DFL-CLU-000011,Away,Midfielder,4,False,J03WOH_Away_250
DFL-OBJ-0027XP,DFL-CLU-000011,Away,Midfielder,5,False,J03WOH_Away_250
DFL-OBJ-002G2Y,DFL-CLU-000011,Away,Midfielder,5,False,J03WOH_Away_250
DFL-OBJ-002GNH,DFL-CLU-000011,Away,Goalkeeper,5,False,J03WOH_Away_250
DFL-OBJ-0028FW,DFL-CLU-00000P,Home,Goalkeeper,6,False,J03WOH_Away_250
DFL-OBJ-002GAB,DFL-CLU-000011,Away,Forward,6,False,J03WOH_Away_250
DFL-OBJ-0028SW,DFL-CLU-000011,Away,Defender,7,False,J03WOH_Away_250
DFL-OBJ-002GEE,DFL-CLU-000011,Away,Defender,8,False,J03WOH_Away_250
DFL-OBJ-002GM9,DFL-CLU-00000P,Home,Defender,1,False,J03WOH_Away_251
DFL-OBJ-J01CP5,DFL-CLU-00000P,Home,Defender,2,False,J03WOH_Away_254
DFL-OBJ-002G2Y,DFL-CLU-000011,Away,Midfielder,1,True,J03WOH_Away_255
DFL-OBJ-0028FW,DFL-CLU-00000P,Home,Goalkeeper,1,False,J03WOH_Away_257
DFL-OBJ-J014UG,DFL-CLU-00000P,Home,Defender,1,False,J03WOH_Away_257
DFL-OBJ-J01CP5,DFL-CLU-00000P,Home,Defender,1,False,J03WOH_Away_257
DFL-OBJ-0000F8,DFL-CLU-00000P,Home,Midfielder,1,False,J03WOH_Away_259
DFL-OBJ-0000NZ,DFL-CLU-00000P,Home,Defender,2,False,J03WOH_Away_259
DFL-OBJ-J0130T,DFL-CLU-00000P,Home,Midfielder,1,False,J03WOH_Away_262
DFL-OBJ-00268T,DFL-CLU-000011,Away,Defender,1,False,J03WOH_Away_264
DFL-OBJ-0027VS,DFL-CLU-000011,Away,Midfielder,1,False,J03WOH_Away_264
DFL-OBJ-0028SW,DFL-CLU-000011,Away,Defender,1,False,J03WOH_Away_264
DFL-OBJ-002FXT,DFL-CLU-00000P,Home,Midfielder,2,False,J03WOH_Away_264
DFL-OBJ-002G2Y,DFL-CLU-000011,Away,Midfielder,3,False,J03WOH_Away_264
DFL-OBJ-002GEE,DFL-CLU-000011,Away,Defender,4,False,J03WOH_Away_264
DFL-OBJ-002GFH,DFL-CLU-000011,Away,Defender,4,False,J03WOH_Away_264
DFL-OBJ-0000NZ,DFL-CLU-00000P,Home,Defender,1,False,J03WOH_Away_265
DFL-OBJ-0027XP,DFL-CLU-000011,Away,Midfielder,1,False,J03WOH_Away_265
DFL-OBJ-00268T,DFL-CLU-000011,Away,Defender,1,True,J03WOH_Away_272
DFL-OBJ-0027B0,DFL-CLU-000011,Away,Midfielder,2,False,J03WOH_Away_272
DFL-OBJ-0027VS,DFL-CLU-000011,Away,Midfielder,2,True,J03WOH_Away_272
DFL-OBJ-002G2Y,DFL-CLU-000011,Away,Midfielder,2,False,J03WOH_Away_272
DFL-OBJ-002G5J,DFL-CLU-00000P,Home,Midfielder,2,False,J03WOH_Away_272
DFL-OBJ-J0130T,DFL-CLU-00000P,Home,Midfielder,2,False,J03WOH_Away_272
DFL-OBJ-J014UG,DFL-CLU-00000P,Home,Defender,2,False,J03WOH_Away_272
DFL-OBJ-J01CP5,DFL-CLU-00000P,Home,Defender,4,False,J03WOH_Away_272
DFL-OBJ-0028SW,DFL-CLU-000011,Away,Defender,1,False,J03WOH_Away_276
DFL-OBJ-002GAB,DFL-CLU-000011,Away,Forward,1,False,J03WOH_Away_276
DFL-OBJ-002GFH,DFL-CLU-000011,Away,Defender,2,True,J03WOH_Away_276
DFL-OBJ-0027VS,DFL-CLU-000011,Away,Midfielder,1,False,J03WOH_Away_281
DFL-OBJ-0028SW,DFL-CLU-000011,Away,Defender,1,False,J03WOH_Away_281
DFL-OBJ-002G5J,DFL-CLU-00000P,Home,Midfielder,2,False,J03WOH_Away_281
DFL-OBJ-0027VS,DFL-CLU-000011,Away,Midfielder,1,False,J03WOH_Away_282
DFL-OBJ-0028CD,DFL-CLU-000011,Away,Midfielder,1,False,J03WOH_Away_289
DFL-OBJ-00268T,DFL-CLU-000011,Away,Defender,1,True,J03WOH_Away_29
DFL-OBJ-00268T,DFL-CLU-000011,Away,Defender,1,True,J03WOH_Away_295
DFL-OBJ-002FXT,DFL-CLU-00000P,Home,Midfielder,2,False,J03WOH_Away_295
DFL-OBJ-00003X,DFL-CLU-00000P,Home,Forward,0,False,J03WOH_Away_297
DFL-OBJ-0000F8,DFL-CLU-00000P,Home,Midfielder,0,False,J03WOH_Away_297
DFL-OBJ-002GM9,DFL-CLU-00000P,Home,Defender,0,False,J03WOH_Away_297
DFL-OBJ-00028V,DFL-CLU-00000P,Home,Midfielder,2,False,J03WOH_Away_297
DFL-OBJ-0028OR,DFL-CLU-000011,Away,Forward,1,False,J03WOH_Away_301
DFL-OBJ-002G2Y,DFL-CLU-000011,Away,Midfielder,2,True,J03WOH_Away_301
DFL-OBJ-002GFH,DFL-CLU-000011,Away,Defender,3,True,J03WOH_Away_301
DFL-OBJ-002GFH,DFL-CLU-000011,Away,Defender,1,True,J03WOH_Away_305
DFL-OBJ-002FXT,DFL-CLU-00000P,Home,Midfielder,1,True,J03WOH_Away_31
DFL-OBJ-002GEE,DFL-CLU-000011,Away,Defender,1,False,J03WOH_Away_310
DFL-OBJ-002651,DFL-CLU-000011,Away,Midfielder,1,False,J03WOH_Away_311
DFL-OBJ-00268T,DFL-CLU-000011,Away,Defender,1,False,J03WOH_Away_311
DFL-OBJ-0028OR,DFL-CLU-000011,Away,Forward,1,False,J03WOH_Away_311
DFL-OBJ-0027XP,DFL-CLU-000011,Away,Midfielder,2,False,J03WOH_Away_311
DFL-OBJ-002GEE,DFL-CLU-000011,Away,Defender,2,False,J03WOH_Away_311
DFL-OBJ-0027VS,DFL-CLU-000011,Away,Midfielder,1,False,J03WOH_Away_312
DFL-OBJ-J01L1F,DFL-CLU-00000P,Home,Midfielder,1,False,J03WOH_Away_318
DFL-OBJ-0000NZ,DFL-CLU-00000P,Home,Defender,1,False,J03WOH_Away_320
DFL-OBJ-002GM9,DFL-CLU-00000P,Home,Defender,1,False,J03WOH_Away_320
DFL-OBJ-002GDZ,DFL-CLU-000011,Away,Unknown,2,False,J03WOH_Away_320
DFL-OBJ-002GNH,DFL-CLU-000011,Away,Goalkeeper,2,False,J03WOH_Away_320
DFL-OBJ-0028CD,DFL-CLU-000011,Away,Midfielder,1,True,J03WOH_Away_324
DFL-OBJ-00028V,DFL-CLU-00000P,Home,Midfielder,1,False,J03WOH_Away_327
DFL-OBJ-002FXT,DFL-CLU-00000P,Home,Midfielder,1,False,J03WOH_Away_36
DFL-OBJ-0000F8,DFL-CLU-00000P,Home,Midfielder,1,False,J03WOH_Away_4
DFL-OBJ-0026UQ,DFL-CLU-000011,Away,Defender,1,False,J03WOH_Away_4
DFL-OBJ-0000F8,DFL-CLU-00000P,Home,Midfielder,1,False,J03WOH_Away_45
DFL-OBJ-002FXT,DFL-CLU-00000P,Home,Midfielder,1,False,J03WOH_Away_45
DFL-OBJ-0027B0,DFL-CLU-000011,Away,Midfielder,2,False,J03WOH_Away_45
DFL-OBJ-0028SW,DFL-CLU-000011,Away,Defender,2,False,J03WOH_Away_45
DFL-OBJ-002GEE,DFL-CLU-000011,Away,Defender,3,True,J03WOH_Away_45
DFL-OBJ-0027VS,DFL-CLU-000011,Away,Midfielder,1,True,J03WOH_Away_47
DFL-OBJ-J0130T,DFL-CLU-00000P,Home,Midfielder,1,False,J03WOH_Away_47
DFL-OBJ-002GAB,DFL-CLU-000011,Away,Forward,2,True,J03WOH_Away_47
DFL-OBJ-J01CP5,DFL-CLU-00000P,Home,Defender,3,False,J03WOH_Away_47
DFL-OBJ-0000F8,DFL-CLU-00000P,Home,Midfielder,1,False,J03WOH_Away_56
DFL-OBJ-002GEE,DFL-CLU-000011,Away,Defender,1,False,J03WOH_Away_56
DFL-OBJ-00003X,DFL-CLU-00000P,Home,Forward,0,False,J03WOH_Away_57
DFL-OBJ-J01CP5,DFL-CLU-00000P,Home,Defender,2,True,J03WOH_Away_60
DFL-OBJ-J014UG,DFL-CLU-00000P,Home,Defender,2,True,J03WOH_Away_61
DFL-OBJ-0027B0,DFL-CLU-000011,Away,Midfielder,2,True,J03WOH_Away_62
DFL-OBJ-002FXT,DFL-CLU-00000P,Home,Midfielder,3,False,J03WOH_Away_62
DFL-OBJ-002GAB,DFL-CLU-000011,Away,Forward,4,False,J03WOH_Away_62
DFL-OBJ-J01CP5,DFL-CLU-00000P,Home,Defender,5,False,J03WOH_Away_62
DFL-OBJ-00003X,DFL-CLU-00000P,Home,Forward,0,False,J03WOH_Away_64
DFL-OBJ-00268T,DFL-CLU-000011,Away,Defender,0,True,J03WOH_Away_64
DFL-OBJ-002FXT,DFL-CLU-00000P,Home,Midfielder,0,False,J03WOH_Away_64
DFL-OBJ-002GEE,DFL-CLU-000011,Away,Defender,0,False,J03WOH_Away_64
DFL-OBJ-002GNH,DFL-CLU-000011,Away,Goalkeeper,0,False,J03WOH_Away_64
DFL-OBJ-0000F8,DFL-CLU-00000P,Home,Midfielder,1,False,J03WOH_Away_65
DFL-OBJ-0026UQ,DFL-CLU-000011,Away,Defender,1,True,J03WOH_Away_65
DFL-OBJ-00268T,DFL-CLU-000011,Away,Defender,1,True,J03WOH_Away_69
DFL-OBJ-J01CP5,DFL-CLU-00000P,Home,Defender,1,True,J03WOH_Away_71
DFL-OBJ-J014UG,DFL-CLU-00000P,Home,Defender,2,False,J03WOH_Away_75
DFL-OBJ-0000F8,DFL-CLU-00000P,Home,Midfielder,1,False,J03WOH_Away_79
DFL-OBJ-002GM1,DFL-CLU-00000P,Home,Midfielder,1,False,J03WOH_Away_79
DFL-OBJ-002651,DFL-CLU-000011,Away,Midfielder,2,False,J03WOH_Away_79
DFL-OBJ-00268T,DFL-CLU-000011,Away,Defender,2,False,J03WOH_Away_79
DFL-OBJ-0027VS,DFL-CLU-000011,Away,Midfielder,2,False,J03WOH_Away_79
DFL-OBJ-J01CP5,DFL-CLU-00000P,Home,Defender,2,True,J03WOH_Away_79
DFL-OBJ-0027B0,DFL-CLU-000011,Away,Midfielder,3,False,J03WOH_Away_79
DFL-OBJ-0028SW,DFL-CLU-000011,Away,Defender,3,True,J03WOH_Away_79
DFL-OBJ-002FXT,DFL-CLU-00000P,Home,Midfielder,4,False,J03WOH_Away_79
DFL-OBJ-002GEE,DFL-CLU-000011,Away,Defender,5,False,J03WOH_Away_79
DFL-OBJ-00006V,DFL-CLU-00000P,Home,Defender,1,False,J03WOH_Away_82
DFL-OBJ-0028FW,DFL-CLU-00000P,Home,Goalkeeper,1,False,J03WOH_Away_82
DFL-OBJ-002GAB,DFL-CLU-000011,Away,Forward,1,False,J03WOH_Away_82
DFL-OBJ-J014UG,DFL-CLU-00000P,Home,Defender,1,False,J03WOH_Away_82
DFL-OBJ-0027XP,DFL-CLU-000011,Away,Midfielder,2,True,J03WOH_Away_82
DFL-OBJ-002G2Y,DFL-CLU-000011,Away,Midfielder,3,True,J03WOH_Away_82
DFL-OBJ-J0130T,DFL-CLU-00000P,Home,Midfielder,4,False,J03WOH_Away_82
DFL-OBJ-00003X,DFL-CLU-00000P,Home,Forward,0,True,J03WOH_Away_87
DFL-OBJ-00006V,DFL-CLU-00000P,Home,Defender,1,False,J03WOH_Away_94
DFL-OBJ-J014UG,DFL-CLU-00000P,Home,Defender,1,False,J03WOH_Away_94
DFL-OBJ-00028V,DFL-CLU-00000P,Home,Midfielder,2,False,J03WOH_Away_94
DFL-OBJ-0027VS,DFL-CLU-000011,Away,Midfielder,2,False,J03WOH_Away_94
DFL-OBJ-002G2Y,DFL-CLU-000011,Away,Midfielder,2,False,J03WOH_Away_94
DFL-OBJ-00268T,DFL-CLU-000011,Away,Defender,3,True,J03WOH_Away_94
DFL-OBJ-0027B0,DFL-CLU-000011,Away,Midfielder,4,True,J03WOH_Away_94
DFL-OBJ-J01CP5,DFL-CLU-00000P,Home,Defender,4,False,J03WOH_Away_94
DFL-OBJ-0028SW,DFL-CLU-000011,Away,Defender,6,True,J03WOH_Away_94
DFL-OBJ-0028FW,DFL-CLU-00000P,Home,Goalkeeper,1,False,J03WOH_Away_97
DFL-OBJ-002GEE,DFL-CLU-000011,Away,Defender,1,False,J03WOH_Away_97
DFL-OBJ-00006V,DFL-CLU-00000P,Home,Defender,1,False,J03WOH_Home_105
DFL-OBJ-0000NZ,DFL-CLU-00000P,Home,Defender,1,False,J03WOH_Home_105
DFL-OBJ-002GAB,DFL-CLU-000011,Away,Forward,1,False,J03WOH_Home_105
DFL-OBJ-0000F8,DFL-CLU-00000P,Home,Midfielder,2,False,J03WOH_Home_105
DFL-OBJ-002651,DFL-CLU-000011,Away,Midfielder,3,False,J03WOH_Home_105
DFL-OBJ-0027B0,DFL-CLU-000011,Away,Midfielder,3,False,J03WOH_Home_105
DFL-OBJ-0028SW,DFL-CLU-000011,Away,Defender,3,False,J03WOH_Home_105
DFL-OBJ-002FXT,DFL-CLU-00000P,Home,Midfielder,3,False,J03WOH_Home_105
DFL-OBJ-J01CP5,DFL-CLU-00000P,Home,Defender,4,True,J03WOH_Home_105
DFL-OBJ-0000F8,DFL-CLU-00000P,Home,Midfielder,1,False,J03WOH_Home_107
DFL-OBJ-J01CP5,DFL-CLU-00000P,Home,Defender,2,True,J03WOH_Home_107
DFL-OBJ-002G2Y,DFL-CLU-000011,Away,Midfielder,1,False,J03WOH_Home_11
DFL-OBJ-J014UG,DFL-CLU-00000P,Home,Defender,2,True,J03WOH_Home_11
DFL-OBJ-J01CP5,DFL-CLU-00000P,Home,Defender,2,True,J03WOH_Home_11
DFL-OBJ-00003X,DFL-CLU-00000P,Home,Forward,0,False,J03WOH_Home_114
DFL-OBJ-0028SW,DFL-CLU-000011,Away,Defender,0,False,J03WOH_Home_114
DFL-OBJ-002G2Y,DFL-CLU-000011,Away,Midfielder,1,False,J03WOH_Home_121
DFL-OBJ-0000NZ,DFL-CLU-00000P,Home,Defender,1,True,J03WOH_Home_126
DFL-OBJ-002GM1,DFL-CLU-00000P,Home,Midfielder,2,False,J03WOH_Home_126
DFL-OBJ-0027XP,DFL-CLU-000011,Away,Midfielder,1,False,J03WOH_Home_129
DFL-OBJ-002GEE,DFL-CLU-000011,Away,Defender,1,False,J03WOH_Home_130
DFL-OBJ-00268T,DFL-CLU-000011,Away,Defender,1,False,J03WOH_Home_131
DFL-OBJ-00003X,DFL-CLU-00000P,Home,Forward,0,False,J03WOH_Home_132
DFL-OBJ-0028SW,DFL-CLU-000011,Away,Defender,0,False,J03WOH_Home_132
DFL-OBJ-J0130T,DFL-CLU-00000P,Home,Midfielder,0,False,J03WOH_Home_132
DFL-OBJ-0000F8,DFL-CLU-00000P,Home,Midfielder,2,False,J03WOH_Home_132
DFL-OBJ-0026UQ,DFL-CLU-000011,Away,Defender,2,True,J03WOH_Home_132
DFL-OBJ-002FXT,DFL-CLU-00000P,Home,Midfielder,2,False,J03WOH_Home_132
DFL-OBJ-00268T,DFL-CLU-000011,Away,Defender,3,False,J03WOH_Home_132
DFL-OBJ-0027VS,DFL-CLU-000011,Away,Midfielder,3,False,J03WOH_Home_132
DFL-OBJ-002GEE,DFL-CLU-000011,Away,Defender,3,False,J03WOH_Home_132
DFL-OBJ-0027B0,DFL-CLU-000011,Away,Midfielder,4,False,J03WOH_Home_132
DFL-OBJ-002GM1,DFL-CLU-00000P,Home,Midfielder,5,False,J03WOH_Home_132
DFL-OBJ-J01CP5,DFL-CLU-00000P,Home,Defender,7,False,J03WOH_Home_132
DFL-OBJ-002FXT,DFL-CLU-00000P,Home,Midfielder,2,False,J03WOH_Home_133
DFL-OBJ-00028V,DFL-CLU-00000P,Home,Midfielder,1,False,J03WOH_Home_135
DFL-OBJ-002GEE,DFL-CLU-000011,Away,Defender,1,False,J03WOH_Home_135
DFL-OBJ-002GNH,DFL-CLU-000011,Away,Goalkeeper,1,False,J03WOH_Home_135
DFL-OBJ-0026UQ,DFL-CLU-000011,Away,Defender,1,False,J03WOH_Home_137
DFL-OBJ-00028V,DFL-CLU-00000P,Home,Midfielder,1,False,J03WOH_Home_138
DFL-OBJ-00003X,DFL-CLU-00000P,Home,Forward,0,False,J03WOH_Home_141
DFL-OBJ-00268T,DFL-CLU-000011,Away,Defender,0,False,J03WOH_Home_141
DFL-OBJ-0026UQ,DFL-CLU-000011,Away,Defender,0,False,J03WOH_Home_141
DFL-OBJ-0027B0,DFL-CLU-000011,Away,Midfielder,0,False,J03WOH_Home_141
DFL-OBJ-002FXT,DFL-CLU-00000P,Home,Midfielder,0,False,J03WOH_Home_141
DFL-OBJ-002GEE,DFL-CLU-000011,Away,Defender,0,False,J03WOH_Home_141
DFL-OBJ-J014UG,DFL-CLU-00000P,Home,Defender,1,False,J03WOH_Home_144
DFL-OBJ-0027B0,DFL-CLU-000011,Away,Midfielder,1,True,J03WOH_Home_148
DFL-OBJ-J014UG,DFL-CLU-00000P,Home,Defender,1,True,J03WOH_Home_148
DFL-OBJ-0026UQ,DFL-CLU-000011,Away,Defender,1,True,J03WOH_Home_149
DFL-OBJ-0028SW,DFL-CLU-000011,Away,Defender,2,True,J03WOH_Home_149
DFL-OBJ-002GEE,DFL-CLU-000011,Away,Defender,1,False,J03WOH_Home_15
DFL-OBJ-00006V,DFL-CLU-00000P,Home,Defender,1,True,J03WOH_Home_152
DFL-OBJ-0000NZ,DFL-CLU-00000P,Home,Defender,1,True,J03WOH_Home_152
DFL-OBJ-002GEE,DFL-CLU-000011,Away,Defender,2,False,J03WOH_Home_152
DFL-OBJ-00006V,DFL-CLU-00000P,Home,Defender,1,False,J03WOH_Home_159
DFL-OBJ-0027VS,DFL-CLU-000011,Away,Midfielder,2,True,J03WOH_Home_159
DFL-OBJ-0027XP,DFL-CLU-000011,Away,Midfielder,2,False,J03WOH_Home_159
DFL-OBJ-002FXT,DFL-CLU-00000P,Home,Midfielder,2,False,J03WOH_Home_159
DFL-OBJ-00003X,DFL-CLU-00000P,Home,Forward,0,False,J03WOH_Home_160
DFL-OBJ-00006V,DFL-CLU-00000P,Home,Defender,1,False,J03WOH_Home_160
DFL-OBJ-0027B0,DFL-CLU-000011,Away,Midfielder,3,True,J03WOH_Home_160
DFL-OBJ-0000F8,DFL-CLU-00000P,Home,Midfielder,1,False,J03WOH_Home_161
DFL-OBJ-0026UQ,DFL-CLU-000011,Away,Defender,1,False,J03WOH_Home_161
DFL-OBJ-0000NZ,DFL-CLU-00000P,Home,Defender,2,True,J03WOH_Home_161
DFL-OBJ-00028V,DFL-CLU-00000P,Home,Midfielder,3,True,J03WOH_Home_161
DFL-OBJ-002G2Y,DFL-CLU-000011,Away,Midfielder,3,False,J03WOH_Home_161
DFL-OBJ-J01CP5,DFL-CLU-00000P,Home,Defender,4,True,J03WOH_Home_161
DFL-OBJ-0000NZ,DFL-CLU-00000P,Home,Defender,1,True,J03WOH_Home_164
DFL-OBJ-002FXT,DFL-CLU-00000P,Home,Midfielder,2,False,J03WOH_Home_164
DFL-OBJ-002GAB,DFL-CLU-000011,Away,Forward,3,False,J03WOH_Home_164
DFL-OBJ-002GM1,DFL-CLU-00000P,Home,Midfielder,3,False,J03WOH_Home_164
DFL-OBJ-002GNH,DFL-CLU-000011,Away,Goalkeeper,3,False,J03WOH_Home_164
DFL-OBJ-J01CP5,DFL-CLU-00000P,Home,Defender,3,False,J03WOH_Home_164
DFL-OBJ-J01CP5,DFL-CLU-00000P,Home,Defender,1,True,J03WOH_Home_166
DFL-OBJ-0000NZ,DFL-CLU-00000P,Home,Defender,1,True,J03WOH_Home_168
DFL-OBJ-J014UG,DFL-CLU-00000P,Home,Defender,2,True,J03WOH_Home_168
DFL-OBJ-J01CP5,DFL-CLU-00000P,Home,Defender,2,False,J03WOH_Home_168
DFL-OBJ-002GM1,DFL-CLU-00000P,Home,Midfielder,1,False,J03WOH_Home_169
DFL-OBJ-J01CP5,DFL-CLU-00000P,Home,Defender,1,True,J03WOH_Home_175
DFL-OBJ-00003X,DFL-CLU-00000P,Home,Forward,0,False,J03WOH_Home_180
DFL-OBJ-0028SW,DFL-CLU-000011,Away,Defender,0,False,J03WOH_Home_180
DFL-OBJ-002GM1,DFL-CLU-00000P,Home,Midfielder,1,False,J03WOH_Home_182
DFL-OBJ-0028SW,DFL-CLU-000011,Away,Defender,1,False,J03WOH_Home_184
DFL-OBJ-00003X,DFL-CLU-00000P,Home,Forward,0,False,J03WOH_Home_19
DFL-OBJ-002GEE,DFL-CLU-000011,Away,Defender,3,False,J03WOH_Home_19
DFL-OBJ-0000F8,DFL-CLU-00000P,Home,Midfielder,1,True,J03WOH_Home_190
DFL-OBJ-002GAB,DFL-CLU-000011,Away,Forward,1,False,J03WOH_Home_194
DFL-OBJ-00003X,DFL-CLU-00000P,Home,Forward,0,False,J03WOH_Home_196
DFL-OBJ-002FXT,DFL-CLU-00000P,Home,Midfielder,0,False,J03WOH_Home_196
DFL-OBJ-0026UQ,DFL-CLU-000011,Away,Defender,2,False,J03WOH_Home_196
DFL-OBJ-00003X,DFL-CLU-00000P,Home,Forward,0,False,J03WOH_Home_197
DFL-OBJ-0000F8,DFL-CLU-00000P,Home,Midfielder,2,False,J03WOH_Home_197
DFL-OBJ-00028V,DFL-CLU-00000P,Home,Midfielder,2,False,J03WOH_Home_197
DFL-OBJ-0000NZ,DFL-CLU-00000P,Home,Defender,3,True,J03WOH_Home_197
DFL-OBJ-0027XP,DFL-CLU-000011,Away,Midfielder,3,False,J03WOH_Home_197
DFL-OBJ-J01CP5,DFL-CLU-00000P,Home,Defender,5,False,J03WOH_Home_197
DFL-OBJ-0000NZ,DFL-CLU-00000P,Home,Defender,1,True,J03WOH_Home_199
DFL-OBJ-002G2Y,DFL-CLU-000011,Away,Midfielder,1,False,J03WOH_Home_208
DFL-OBJ-002GNH,DFL-CLU-000011,Away,Goalkeeper,1,False,J03WOH_Home_208
DFL-OBJ-J01CP5,DFL-CLU-00000P,Home,Defender,1,False,J03WOH_Home_212
DFL-OBJ-J0130T,DFL-CLU-00000P,Home,Midfielder,1,True,J03WOH_Home_214
DFL-OBJ-0000F8,DFL-CLU-00000P,Home,Midfielder,1,False,J03WOH_Home_216
DFL-OBJ-0026UQ,DFL-CLU-000011,Away,Defender,1,False,J03WOH_Home_216
DFL-OBJ-J014UG,DFL-CLU-00000P,Home,Defender,1,True,J03WOH_Home_219
DFL-OBJ-J01CP5,DFL-CLU-00000P,Home,Defender,1,False,J03WOH_Home_221
DFL-OBJ-0026UQ,DFL-CLU-000011,Away,Defender,1,False,J03WOH_Home_223
DFL-OBJ-0028FW,DFL-CLU-00000P,Home,Goalkeeper,2,False,J03WOH_Home_223
DFL-OBJ-J01CP5,DFL-CLU-00000P,Home,Defender,2,True,J03WOH_Home_223
DFL-OBJ-002G2Y,DFL-CLU-000011,Away,Midfielder,3,False,J03WOH_Home_223
DFL-OBJ-J014UG,DFL-CLU-00000P,Home,Defender,3,False,J03WOH_Home_223
DFL-OBJ-0000F8,DFL-CLU-00000P,Home,Midfielder,1,True,J03WOH_Home_228
DFL-OBJ-0000NZ,DFL-CLU-00000P,Home,Defender,1,True,J03WOH_Home_234
DFL-OBJ-002GEE,DFL-CLU-000011,Away,Defender,1,False,J03WOH_Home_238
DFL-OBJ-0000F8,DFL-CLU-00000P,Home,Midfielder,1,False,J03WOH_Home_24
DFL-OBJ-J014UG,DFL-CLU-00000P,Home,Defender,2,True,J03WOH_Home_24
DFL-OBJ-0000NZ,DFL-CLU-00000P,Home,Defender,1,True,J03WOH_Home_241
DFL-OBJ-J01CP5,DFL-CLU-00000P,Home,Defender,1,True,J03WOH_Home_243
DFL-OBJ-00003X,DFL-CLU-00000P,Home,Forward,0,False,J03WOH_Home_244
DFL-OBJ-002GEE,DFL-CLU-000011,Away,Defender,2,False,J03WOH_Home_244
DFL-OBJ-0000NZ,DFL-CLU-00000P,Home,Defender,1,True,J03WOH_Home_246
DFL-OBJ-0026UQ,DFL-CLU-000011,Away,Defender,1,False,J03WOH_Home_248
DFL-OBJ-00003X,DFL-CLU-00000P,Home,Forward,0,False,J03WOH_Home_253
DFL-OBJ-0000NZ,DFL-CLU-00000P,Home,Defender,2,True,J03WOH_Home_253
DFL-OBJ-0028FW,DFL-CLU-00000P,Home,Goalkeeper,1,True,J03WOH_Home_256
DFL-OBJ-J014UG,DFL-CLU-00000P,Home,Defender,1,True,J03WOH_Home_256
DFL-OBJ-J01CP5,DFL-CLU-00000P,Home,Defender,1,True,J03WOH_Home_256
DFL-OBJ-002G2Y,DFL-CLU-000011,Away,Midfielder,2,False,J03WOH_Home_256
DFL-OBJ-0000NZ,DFL-CLU-00000P,Home,Defender,1,False,J03WOH_Home_258
DFL-OBJ-J01CP5,DFL-CLU-00000P,Home,Defender,4,False,J03WOH_Home_258
DFL-OBJ-0000F8,DFL-CLU-00000P,Home,Midfielder,1,True,J03WOH_Home_260
DFL-OBJ-002GNH,DFL-CLU-000011,Away,Goalkeeper,1,False,J03WOH_Home_260
DFL-OBJ-00268T,DFL-CLU-000011,Away,Defender,1,False,J03WOH_Home_27
DFL-OBJ-002GAB,DFL-CLU-000011,Away,Forward,1,False,J03WOH_Home_271
DFL-OBJ-0000NZ,DFL-CLU-00000P,Home,Defender,1,True,J03WOH_Home_273
DFL-OBJ-0028FW,DFL-CLU-00000P,Home,Goalkeeper,1,False,J03WOH_Home_273
DFL-OBJ-002G2Y,DFL-CLU-000011,Away,Midfielder,1,False,J03WOH_Home_273
DFL-OBJ-002GAB,DFL-CLU-000011,Away,Forward,1,False,J03WOH_Home_273
DFL-OBJ-J01CP5,DFL-CLU-00000P,Home,Defender,2,False,J03WOH_Home_273
DFL-OBJ-002G2Y,DFL-CLU-000011,Away,Midfielder,1,True,J03WOH_Home_274
DFL-OBJ-002GM9,DFL-CLU-00000P,Home,Defender,1,False,J03WOH_Home_274
DFL-OBJ-002GM9,DFL-CLU-00000P,Home,Defender,1,False,J03WOH_Home_275
DFL-OBJ-00268T,DFL-CLU-000011,Away,Defender,1,False,J03WOH_Home_280
DFL-OBJ-002FXT,DFL-CLU-00000P,Home,Midfielder,2,False,J03WOH_Home_280
DFL-OBJ-002G2Y,DFL-CLU-000011,Away,Midfielder,2,False,J03WOH_Home_280
DFL-OBJ-002GFH,DFL-CLU-000011,Away,Defender,3,False,J03WOH_Home_280
DFL-OBJ-J014UG,DFL-CLU-00000P,Home,Defender,4,True,J03WOH_Home_280
DFL-OBJ-0027XP,DFL-CLU-000011,Away,Midfielder,1,False,J03WOH_Home_283
DFL-OBJ-002GNH,DFL-CLU-000011,Away,Goalkeeper,1,False,J03WOH_Home_283
DFL-OBJ-00003X,DFL-CLU-00000P,Home,Forward,0,False,J03WOH_Home_286
DFL-OBJ-00268T,DFL-CLU-000011,Away,Defender,2,True,J03WOH_Home_286
DFL-OBJ-00003X,DFL-CLU-00000P,Home,Forward,0,True,J03WOH_Home_288
DFL-OBJ-002GEE,DFL-CLU-000011,Away,Defender,2,False,J03WOH_Home_288
DFL-OBJ-0000NZ,DFL-CLU-00000P,Home,Defender,1,True,J03WOH_Home_298
DFL-OBJ-00268T,DFL-CLU-000011,Away,Defender,2,False,J03WOH_Home_298
DFL-OBJ-002FXT,DFL-CLU-00000P,Home,Midfielder,3,False,J03WOH_Home_298
DFL-OBJ-002G2Y,DFL-CLU-000011,Away,Midfielder,4,False,J03WOH_Home_298
DFL-OBJ-002FXT,DFL-CLU-00000P,Home,Midfielder,1,True,J03WOH_Home_302
DFL-OBJ-00003X,DFL-CLU-00000P,Home,Forward,0,False,J03WOH_Home_304
DFL-OBJ-00268T,DFL-CLU-000011,Away,Defender,0,False,J03WOH_Home_304
DFL-OBJ-002GFH,DFL-CLU-000011,Away,Defender,2,False,J03WOH_Home_304
DFL-OBJ-0028CD,DFL-CLU-000011,Away,Midfielder,1,True,J03WOH_Home_306
DFL-OBJ-0028OR,DFL-CLU-000011,Away,Forward,1,False,J03WOH_Home_313
DFL-OBJ-002651,DFL-CLU-000011,Away,Midfielder,1,False,J03WOH_Home_314
DFL-OBJ-J01CP5,DFL-CLU-00000P,Home,Defender,1,True,J03WOH_Home_319
DFL-OBJ-J01L1F,DFL-CLU-00000P,Home,Midfielder,2,False,J03WOH_Home_319
DFL-OBJ-J01L1F,DFL-CLU-00000P,Home,Midfielder,1,False,J03WOH_Home_321
DFL-OBJ-00028V,DFL-CLU-00000P,Home,Midfielder,1,False,J03WOH_Home_323
DFL-OBJ-0027P7,DFL-CLU-000011,Away,Midfielder,1,True,J03WOH_Home_323
DFL-OBJ-002GDZ,DFL-CLU-000011,Away,Unknown,1,False,J03WOH_Home_323
DFL-OBJ-J014UG,DFL-CLU-00000P,Home,Defender,1,False,J03WOH_Home_323
DFL-OBJ-J01CP5,DFL-CLU-00000P,Home,Defender,1,True,J03WOH_Home_323
DFL-OBJ-0028FW,DFL-CLU-00000P,Home,Goalkeeper,2,False,J03WOH_Home_323
DFL-OBJ-0028OR,DFL-CLU-000011,Away,Forward,2,False,J03WOH_Home_323
DFL-OBJ-0000NZ,DFL-CLU-00000P,Home,Defender,1,True,J03WOH_Home_325
DFL-OBJ-002G2Y,DFL-CLU-000011,Away,Midfielder,1,False,J03WOH_Home_34
DFL-OBJ-J01CP5,DFL-CLU-00000P,Home,Defender,1,False,J03WOH_Home_34
DFL-OBJ-002FXT,DFL-CLU-00000P,Home,Midfielder,1,False,J03WOH_Home_39
DFL-OBJ-00003X,DFL-CLU-00000P,Home,Forward,0,False,J03WOH_Home_40
DFL-OBJ-0027B0,DFL-CLU-000011,Away,Midfielder,0,False,J03WOH_Home_40
DFL-OBJ-0028SW,DFL-CLU-000011,Away,Defender,0,False,J03WOH_Home_40
DFL-OBJ-002GEE,DFL-CLU-000011,Away,Defender,0,False,J03WOH_Home_40
DFL-OBJ-002GM1,DFL-CLU-00000P,Home,Midfielder,2,True,J03WOH_Home_40
DFL-OBJ-J01CP5,DFL-CLU-00000P,Home,Defender,4,False,J03WOH_Home_40
DFL-OBJ-00003X,DFL-CLU-00000P,Home,Forward,0,False,J03WOH_Home_43
DFL-OBJ-00268T,DFL-CLU-000011,Away,Defender,2,False,J03WOH_Home_43
DFL-OBJ-0026UQ,DFL-CLU-000011,Away,Defender,1,False,J03WOH_Home_46
DFL-OBJ-00006V,DFL-CLU-00000P,Home,Defender,1,False,J03WOH_Home_48
DFL-OBJ-0028SW,DFL-CLU-000011,Away,Defender,3,False,J03WOH_Home_48
DFL-OBJ-J01CP5,DFL-CLU-00000P,Home,Defender,1,False,J03WOH_Home_49
DFL-OBJ-0027XP,DFL-CLU-000011,Away,Midfielder,1,False,J03WOH_Home_52
DFL-OBJ-0000NZ,DFL-CLU-00000P,Home,Defender,1,True,J03WOH_Home_55
DFL-OBJ-J014UG,DFL-CLU-00000P,Home,Defender,3,True,J03WOH_Home_55
DFL-OBJ-002FXT,DFL-CLU-00000P,Home,Midfielder,1,False,J03WOH_Home_58
DFL-OBJ-0000F8,DFL-CLU-00000P,Home,Midfielder,1,True,J03WOH_Home_66
DFL-OBJ-0027VS,DFL-CLU-000011,Away,Midfielder,1,False,J03WOH_Home_66
DFL-OBJ-0026UQ,DFL-CLU-000011,Away,Defender,2,False,J03WOH_Home_66
DFL-OBJ-002FXT,DFL-CLU-00000P,Home,Midfielder,2,False,J03WOH_Home_66
DFL-OBJ-002GEE,DFL-CLU-000011,Away,Defender,2,False,J03WOH_Home_66
DFL-OBJ-002GM1,DFL-CLU-00000P,Home,Midfielder,3,False,J03WOH_Home_66
DFL-OBJ-002G2Y,DFL-CLU-000011,Away,Midfielder,1,False,J03WOH_Home_70
DFL-OBJ-00003X,DFL-CLU-00000P,Home,Forward,0,True,J03WOH_Home_72
DFL-OBJ-J01CP5,DFL-CLU-00000P,Home,Defender,1,True,J03WOH_Home_76
DFL-OBJ-0000NZ,DFL-CLU-00000P,Home,Defender,1,False,J03WOH_Home_8
DFL-OBJ-0028SW,DFL-CLU-000011,Away,Defender,2,False,J03WOH_Home_8
DFL-OBJ-002GM1,DFL-CLU-00000P,Home,Midfielder,2,False,J03WOH_Home_8
DFL-OBJ-00006V,DFL-CLU-00000P,Home,Defender,1,False,J03WOH_Home_86
DFL-OBJ-002GAB,DFL-CLU-000011,Away,Forward,1,False,J03WOH_Home_86
DFL-OBJ-002G2Y,DFL-CLU-000011,Away,Midfielder,3,False,J03WOH_Home_86
DFL-OBJ-J014UG,DFL-CLU-00000P,Home,Defender,5,False,J03WOH_Home_86
DFL-OBJ-0000F8,DFL-CLU-00000P,Home,Midfielder,1,True,J03WOH_Home_89
DFL-OBJ-00268T,DFL-CLU-000011,Away,Defender,1,False,J03WOH_Home_93
DFL-OBJ-0028SW,DFL-CLU-000011,Away,Defender,1,False,J03WOH_Home_93
DFL-OBJ-0026UQ,DFL-CLU-000011,Away,Defender,1,False,J03WOH_Home_95
DFL-OBJ-0028FW,DFL-CLU-00000P,Home,Goalkeeper,1,False,J03WOH_Home_95
DFL-OBJ-002G2Y,DFL-CLU-000011,Away,Midfielder,2,False,J03WOH_Home_95
